{
  "auth_db": {
    "kay2": {
      "username": "Kay2",
      "password_hash": "dDEEjoTfaLvZ/gXAfwKvhrXw7swEVyAKfibgDEU4LmW8+Hw3z1GQuBlSxUWkbVVtLtTRjG0A6E0i",
      "email": "",
      "created_at": "2025-07-10T12:41:31.237993",
      "last_login": "2025-07-10T12:43:22.639947",
      "login_count": 1,
      "security_level": "CLASSIFIED",
      "two_factor_enabled": false,
      "account_locked": false,
      "failed_login_attempts": 0
    }
  },
  "active_sessions": {
    "LL7jVkOdevgocc3U0V65BUxCx1T26mVX1aIYFYFQ7B8": {
      "username": "Kay2",
      "created": "2025-07-10T12:43:22.640044",
      "expires": "2025-07-10T20:43:22.640046",
      "ip_address": null,
      "user_agent": null
    }
  },
  "registration_codes": {
    "1531f0d144016759fb6d1468b05b4c30aed94284fc89a032df1f7df00f7e20d7": {
      "code": "ALPHA-7X9K-DELTA-3M8P",
      "created": "2025-07-10T12:37:26.183168",
      "uses": 0,
      "max_uses": 50
    },
    "2806394cd61195d7af1a022e43dc3d71fff800bd91e8b69f10590869e49df071": {
      "code": "BRAVO-2N5Q-ECHO-7R4T",
      "created": "2025-07-10T12:37:26.183196",
      "uses": 0,
      "max_uses": 50
    },
    "831f8e12f5b0d8b6f043dab2eb963a57a07a7e509d8568204e2e3179c3c33bfd": {
      "code": "CHARLIE-9W6E-FOXTROT-1Y8U",
      "created": "2025-07-10T12:37:26.183200",
      "uses": 1,
      "max_uses": 50
    },
    "68ba0f30e7b2f63b9575e4fee67f11e16a88439a71d221c9af81fa5144ede36d": {
      "code": "DELTA-4H3J-GOLF-6K9L",
      "created": "2025-07-10T12:37:26.183203",
      "uses": 0,
      "max_uses": 50
    },
    "3eca4c8ea1c34fbdbe81fc55200e8c48dc82c7f91a4794aa3676467aaa1507c4": {
      "code": "ECHO-8V2B-HOTEL-5N7M",
      "created": "2025-07-10T12:37:26.183206",
      "uses": 0,
      "max_uses": 50
    },
    "c840b4c6607725178c7b664044d92236990a46cbda17aecf7e984c41fc60d61a": {
      "code": "TEMPORAL-B38E-B4E0-1F34",
      "created": "2025-07-10T12:37:26.183210",
      "uses": 0,
      "max_uses": 10
    }
  },
  "failed_attempts": {}
}